spicepowder;
acornsquash;
adobosauce;
agavenectar;
ahituna;
alfredopastasauce;
almondextract;
almondflour;
almondmilk;
almonds;
amaretto;
anchochiles;
anchovies;
andouillesausage;
angelfoodcakemix;
angelhairpasta;
angosturabitters;
apple;
applebutterspread;
applecider;
applejuice;
applepiespice;
apricotpreserves;
apricots;
arboriorice;
arrowrootpowder;
artichokeheartquarters;
artichokes;
arugula;
asafoetida;
asafoetidapowder;
asiagocheese;
asianpear;
asparagusspears;
avocado;
avocadooil;
babybellpeppers;
babybokchoy;
babycarrots;
babycorn;
babyspinachleaves;
baby-backribs;
baby-backribs;
bacon;
baconfat;
baguette;
bakingbar;
bakingpowder;
bakingsoda;
balsamicglaze;
balsamicvinegar;
bambooshoots;
banana;
basmatirice;
bayleaves;
bbqsauce;
beans;
beef;
beefbrisket;
beefbroth;
beefchuckroast;
beefstock;
beeftenderloin;
beer;
beer;
beets;
bellpepper;
berries;
biscuitmix;
biscuits;
bittersweetchocolate;
blackbeansauce;
blackbeans;
blackolives;
blackpepper;
blacksesameseeds;
blackberries;
blanchedalmonds;
bloodorange;
bluecheese;
blueberries;
bokchoy;
bonelessskinlesschickenbreast;
bourbon;
brandy;
bread;
breadflour;
breakfastlinks;
brie;
broccoli;
broccoliflorets;
brownrice;
brownriceflour;
brownsugar;
browniemix;
brusselsprouts;
bulgur;
butter;
butterheadlettuce;
buttermilk;
butternutsquash;
butterscotchchips;
cabbage;
caesardressing;
cajunseasoning;
cakeflour;
candycanes;
candycoating;
candymelts;
cannedblackbeans;
canneddicedtomatoes;
cannedgarbanzobeans;
cannedgreenchiles;
cannedkidneybeans;
cannedmushrooms;
cannedpintobeans;
cannedredkidneybeans;
cannedtomatoes;
cannedtuna;
cannedwhitebeans;
cannedwhitecannellinibeans;
cannellinibeans;
cantaloupe;
capers;
caramelsauce;
caramels;
carawayseed;
cardamom;
cardamompods;
carp;
carrots;
catfishfilets;
cauliflower;
cauliflowerflorets;
cauliflowerrice;
celery;
celeryribs;
celeryroot;
celerysalt;
celeryseed;
cereal;
champagne;
chanadal;
cheddar;
cheese;
cheesecurds;
cheesedip;
cheesesoup;
cheesetortellini;
cherry;
cherrypiefilling;
cherrytomatoes;
chestnuts;
chiaseeds;
chickenbase;
chickenbouillon;
chickenbouillongranules;
chickenbreasts;
chickenbroth;
chickendrumsticks;
chickenlegs;
chickenpieces;
chickensausage;
chickenstock;
chickentenders;
chickenthighs;
chickenwings;
chickpea;
chilegarlicsauce;
chilipaste;
chilipeppers;
chilipowder;
chilisauce;
chipotlechilesinadobo;
chipotlechilies;
chipotlepeppersinadobo;
chive&onioncreamcheesespread;
chocolate;
chocolatechipcookies;
chocolatechunks;
chocolateicecream;
chocolatemilk;
chocolatesandwichcookies;
chocolatesyrup;
chocolatewafercookies;
chorizosausage;
cidervinegar;
cilantro;
cinnamonroll;
cinnamonstick;
cinnamonsugar;
cinnamonswirlbread;
clamjuice;
clams;
clarifiedbutter;
clove;
coarsesalt;
coarselygroundpepper;
cocoanibs;
cocoapowder;
coconut;
coconutaminos;
coconutbutter;
coconutcream;
coconutextract;
coconutflour;
coconutmilk;
coconutoil;
coconutwater;
cod;
coffee;
cognac;
cola;
colbyjack;
collardgreens;
condensedcreamofcelerysoup;
condensedcreamofmushroomsoup;
confectioner'sswerve;
cookedbacon;
cookedbrownrice;
cookedchickenbreast;
cookedham;
cookedlonggrainrice;
cookedpasta;
cookedpolenta;
cookedquinoa;
cookedwildrice;
cookies;
coriander;
corn;
cornbreadmix;
cornchips;
cornflakescereal;
cornflour;
cornkernels;
cornoil;
corntortillas;
cornbread;
cornedbeef;
cornishhens;
cornmeal;
cornstarch;
cotijacheese;
cottagecheese;
countrybread;
courgettes;
couscous;
cowpea;
crabmeat;
crackedpepper;
cranberries;
cranberryjuice;
cream;
creamcheese;
creamcheeseblock;
creamofchickensoup;
creamoftartar;
creamedcorn;
creamypeanutbutter;
cremefraiche;
creminimushrooms;
creoleseasoning;
crispricecereal;
croutons;
crystallizedginger;
cucumber;
cuminseeds;
cupcake;
currants;
curryleaves;
dairyfreemilk;
darkbrownsugar;
darkchocolate;
darkchocolatecandybars;
darkchocolatechips;
darksesameoil;
dates;
deepdishpiecrust;
deliham;
deliturkey;
dessertoats;
dessertwine;
dicedham;
dietpop;
dijonmustard;
dill;
dillpickles;
hotdog;
doublecream;
driedapricots;
driedbasil;
driedcherries;
driedchorizo;
driedcranberries;
drieddill;
driedonion;
driedporcinimushrooms;
driedrubbedsage;
driedthyme;
driedtomatoes;
drybreadcrumbs;
drymilk;
drymustard;
dryredwine;
dryroastedpeanuts;
duckfat;
dutchprocesscocoapowder;
edamame;
eggsubstitute;
eggvermicelli;
eggwhites;
eggyolk;
eggnog;
eggplant;
elbowmacaroni;
enchiladasauce;
englishcucumber;
englishmuffin;
erythritol;
escarole;
espresso;
evaporatedmilk;
extrafirmtofu;
extravirginoliveoil;
farfalle;
farro;
fatfreemayo;
fat-freeless-sodiumchickenbroth;
fennel;
fennelseeds;
fenugreekleaf;
fenugreekseeds;
fetacheese;
fettuccine;
fireroastedtomatoes;
fish;
fishsauce;
fishstock;
flanksteak;
flaxseeds;
fleurdesel;
flour;
flourtortillas;
fontinacheese;
fooddye;
frank'sredhotsauce;
freerangeeggs;
frenchbread;
freshbasil;
freshbeansprouts;
freshchives;
freshcorn;
freshcornkernels;
freshfigs;
freshfruit;
freshherbs;
freshmint;
freshmozzarella;
freshrosemary;
freshthymeleaves;
friedonions;
frosting;
froyobars;
frozencorn;
frozenspinach;
fudge;
fudgetopping;
funsizealmondjoybar;
garammasala;
garbanzobeanflour;
garlic;
garlicpaste;
garlicpowder;
garlicpowder;
garlicsalt;
gelatin;
gfchocolatecakemix;
gin;
ginger;
gingerale;
gingerpaste;
ginger-garlicpaste;
gingersnapcookies;
gnocchi;
goatcheese;
goldenraisins;
gorgonzola;
goudacheese;
grahamcrackercrumbs;
grahamcrackerpiecrust;
grahamcrackers;
grainblend;
grandmarnier;
grannysmithapples;
granola;
granulatedgarlic;
grapetomatoes;
grapefruit;
grapeseedoil;
gravy;
greatnorthernbeans;
greekyogurt;
greenbeans;
greenbellpepper;
greenchilipepper;
greenfoodcoloring;
greengrapes;
greenolives;
greenonions;
greens;
grillcheese;
grillseasoning;
groundallspice;
groundanchochili;
groundbeef;
groundchicken;
groundchipotlechilepepper;
groundcinnamon;
groundcinnamon;
groundcloves;
groundcorianderseeds;
groundcumin;
groundflaxseed;
groundginger;
groundlamb;
groundmace;
groundnutmeg;
groundpork;
groundporksausage;
groundveal;
gruyere;
guacamole;
halfnhalf;
halibutfillet;
ham;
hamburgerbuns;
hardcookedeggs;
harissa;
hashbrownpotatoes;
hazelnuts;
healthyrequestcreamofcelerysoup;
hempseeds;
herbesdeprovence;
herbs;
hershey'skissesbrandmilkchocolates;
hoisinsauce;
honeymustard;
horseradish;
hotsauce;
hummus;
ice;
icecream;
instantchocolatepuddingmix;
instantcoffeepowder;
instantespressopowder;
instantlemonpuddingmix;
instantyeast;
irishcream;
italianbread;
italiancheeseblend;
italiansausages;
italianseasoning;
jaggery;
jalapeno;
jasminerice;
jelly;
jicama;
jimmies;
juice;
jumboshellpasta;
kaffirlimeleaves;
kahlua;
kalamataolives;
kale;
ketchup;
kitchenbouquet;
kiwis;
koshersalt;
ladyfingers;
lamb;
lasagnanoodles;
lbcake;
leangroundbeef;
leangroundturkey;
leanporktenderloin;
leeks;
legoflamb;
lemon;
lemoncurd;
lemonextract;
lemonjuice;
lemonpeel;
lemonpepper;
lemonwedges;
lemongrass;
lettuce;
lettuceleaves;
lightbutter;
lightcoconutmilk;
lightcornsyrup;
lightcreamcheese;
lightmayonnaise;
lightoliveoil;
lightsoysauce;
lime;
limejuice;
limewedges;
limezest;
linguine;
liquidsmoke;
liquidstevia;
liquor;
livelobster;
long-grainrice;
lowfatbuttermilk;
lowfatmilk;
lowfatmilk;
lowfatplainyogurt;
lowfatricottacheese;
lowfatsourcream;
lowsodiumchickenbroth;
lowsodiumsoysauce;
low-sodiumchickenstock;
lowersodiumbeefbroth;
lumpcrab;
m&mcandies;
macadamianuts;
macaroniandcheesemix;
madrascurrypowder;
maltdrinkmix;
mandarinorangesections;
mandarinoranges;
mango;
maplesyrup;
maraschinocherries;
margarine;
marinarasauce;
marjoram;
marsalawine;
marshmallowfluff;
marshmallows;
masaharina;
mascarpone;
matbeans;
matchatea;
mayonnaise;
meat;
meat;
meatballs;
medjooldates;
mexicancream;
meyerlemonjuice;
milk;
milkchocolatechips;
mintchutney;
minuterice;
miraclewhip;
mirin;
miso;
molasses;
montereyjackcheese;
mushroom;
mussels;
mustard;
mustardseeds;
napacabbage;
naveloranges;
nectarine;
newpotatoes;
non-fatgreekyogurt;
nonfatcoolwhip;
nonfatmilk;
nori;
nutbutter;
nutmeal;
nutella;
nutritionalyeast;
oatflour;
oats;
oil;
oilpackedsundriedtomatoes;
okra;
oldbayseasoning;
oliveoil;
olives;
onion;
onionpowder;
onionsoupmix;
orange;
orangebellpepper;
orangejuice;
orangejuiceconcentrate;
orangeliqueur;
orangemarmalade;
orangeoil;
orangezest;
oregano;
oreocookies;
orzo;
oystersauce;
oysters;
palmsugar;
pancetta;
paneer;
panko;
papaya;
paprika;
parmigianoreggiano;
parsley;
parsleyflakes;
parsnip;
part-skimmozzarellacheese;
pasta;
pastasaladmix;
pastasauce;
pastryflour;
peach;
peanutbutter;
peanutbutterchips;
peanutbuttercups;
peanutoil;
peanuts;
pearliqueur;
pearlbarley;
pearlonions;
peas;
pecan;
pecanpieces;
pecorino;
penne;
peperoncino;
pepperjackcheese;
peppercorns;
peppermintbakingchips;
peppermintextract;
pepperoni;
peppers;
pesto;
picklerelish;
pickles;
picodegallo;
piecrust;
pimentostuffedolives;
pimientos;
pinenuts;
pineapple;
pineapplechunks;
pineappleinjuice;
pineapplejuice;
pinkhimalayansalt;
pintobeans;
pistachios;
pita;
pizzacrust;
pizzamix;
plaingreekyogurt;
plainnonfatyogurt;
plainyogurt;
plantain;
plum;
plumtomatoes;
poblanopeppers;
polenta;
polishsausage;
pomegranatejuice;
pomegranatemolasses;
pomegranateseeds;
popcorn;
poppyseeds;
pork;
Pork&Beans;
porkbelly;
porkbutt;
porkchops;
porklinks;
porkloinchops;
porkloinroast;
porkroast;
porkshoulder;
porktenderloin;
port;
portabellamushrooms;
potroast;
potatochips;
potatostarch;
potatoes;
poultryseasoning;
powderedsugar;
pretzelsandwiches;
processedamericancheese;
prosciutto;
provolonecheese;
prunes;
puffpastry;
pumpkin;
pumpkinpiefilling;
pumpkinpiespice;
pumpkinpuree;
pumpkinseeds;
quesofresco;
quickcookingoats;
quinoa;
quinoaflour;
radicchio;
radishes;
raisins;
rajmamasala;
ramennoodles;
ranchdressing;
ranchdressingmix;
raspberries;
raspberryjam;
rawcashews;
rawshrimp;
ready-to-serveAsianfriedrice;
realbaconrecipepieces;
redapples;
redbellpeppers;
redcabbage;
redchilli;
reddeliciousapples;
redfoodcoloring;
redgrapefruitjuice;
redgrapes;
redkidneybeans;
redlentils;
redonion;
redpepperflakes;
redpepperpowder;
redpotatoes;
redvelvetcookie;
redwine;
redwinevinegar;
reducedfatshreddedcheddarcheese;
refriedbeans;
refrigeratedcrescentrolls;
refrigeratedpizzadough;
refrigeratedsugarcookiedough;
rhubarb;
ribtips;
rice;
riceflour;
ricekrispiescereal;
ricemilk;
ricenoodles;
ricepaper;
ricesyrup;
ricevinegar;
ricewine;
ricottasalata;
ritzcrackers;
roastbeef;
roastedchicken;
roastednuts;
roastedpeanuts;
roastedredpeppers;
romatomatoes;
romainelettuce;
rootvegetables;
rosemary;
rotinipasta;
rotisseriechicken;
roundsteak;
rub;
rumextract;
runnyhoney;
russetpotatoes;
rutabaga;
ryebread;
ryemeal;
saffronthreads;
sage;
sageleaves;
saladdressing;
salami;
salmonfillet;
salsa;
salsaverde;
salt;
saltandpepper;
saltedbutter;
saltinecrackers;
sandwichbun;
sauerkraut;
sausage;
sausagelinks;
scotchbonnetchili;
seasalt;
seascallops;
seasonedbreadcrumbs;
seasonedricevinegar;
seasonedsalt;
seasoning;
seasoningblend;
seeds;
self-risingflour;
semisweetchocolatechips;
serranochile;
sesameoil;
sesameseedhamburgerbuns;
sesameseeds;
shallot;
sharpcheddarcheese;
sheepsmilkcheese;
shells;
sherry;
sherry;
sherryvinegar;
shiitakemushroomcaps;
shortgrainrice;
shortpasta;
shortribs;
shortbreadcookies;
shortcrustpastry;
shortening;
shreddedcheddarcheese;
shreddedcheese;
shreddedchicken;
shreddedcoconut;
shreddedmexicancheeseblend;
shreddedmexicancheeseblend;
shreddedmozzarella;
silkentofu;
sirloinsteak;
skimmilkricotta;
skimvanillagreekyogurt;
skin-onbone-inchickenlegquarters;
skinlessbonelesschickenbreasthalves;
skinlessbonelesschickenthighs;
skinnedblackgram;
slawdressing;
slawmix;
sliveredalmonds;
smokedpaprika;
smokedsalmon;
smokedsausage;
smoothpeanutbutter;
snapperfillets;
snowpeas;
sodawater;
sourcream;
sourdoughbowl;
sourdoughbread;
soymilk;
soyproteinpowder;
soysauce;
spaghetti;
spaghettisquash;
sparklingwine;
speltflour;
spicybrownmustard;
spinach;
sprite;
sprouts;
squash;
srirachasauce;
steaks;
steelcutoats;
stevia;
stewmeat;
stewvegetables;
stock;
store-boughtphyllo;
stout;
strawberries;
strawberryjam;
strawberryjello;
stuffing;
stuffingmix;
subrolls;
sugar;
sugarsnappeas;
sugarsyrup;
sukrinsweetener;
summersavory;
summersquash;
sunfloweroil;
sunflowerseeds;
sweetchillisauce;
sweetonion;
sweetpaprika;
sweetpicklejuice;
sweetpicklerelish;
sweetpotato;
sweettea;
sweetenedcoconut;
sweetenedcondensedmilk;
sweetenedshreddedcoconut;
swisschard;
swisscheese;
tacoseasoningmix;
tacoshells;
tahini;
tamari;
tapiocaflour;
tarragon;
tartapple;
teabags;
tequila;
teriyakisauce;
thaibasil;
thaichiles;
thairedcurrypaste;
thick-cutbacon;
tilapiafillets;
toast;
toffeebits;
tofu;
tomatillos;
tomatojuice;
tomatopaste;
tomatopuree;
tomatosauce;
tomatosoup;
tomatoes;
topbladesteak;
toproundsteak;
TopSirloin;
tortilla;
tortillachips;
triplesec;
truffleoil;
tuna;
turbinadosugar;
turkey;
turkeybreast;
turkeykielbasa;
turmeric;
turnips;
unbleachedflour;
unsaltedbutter;
unsmokedbackbacon;
unsweetenedapplesauce;
unsweetenedcoconutmilk;
unsweetenedshreddedcoconut;
vanillabean;
vanillabeanpaste;
vanillaessence;
vanillaextract;
vanillafrosting;
vanillainstantpuddingmix;
vanillaproteinpowder;
vanillawafers;
vanillayogurt;
vegancheese;
veganchocolatechips;
veganmargarine;
vegetablebroth;
vegetableoil;
vegetarianbacon;
vermouth;
vinaigrette;
vinegar;
vodka;
walnuts;
water;
waterchestnuts;
water-packedtuna;
watercress;
watermelonchunks;
wheatbran;
wheatgerm;
whippedcream;
whippedtopping;
whippingcream;
whiskey;
whitebalsamicvinegar;
whitebread;
whitecakemix;
whitecheddar;
whitechocolate;
whitechocolatechips;
whiteonion;
whitepepper;
whitewholewheatflour;
whitewine;
whitewinevinegar;
wholeallspiceberries;
wholechicken;
wholecorianderseeds;
wholecranberrysauce;
wholekernelcorn;
wholestaranise;
wholewheatbread;
wholewheatflour;
wholewheattortillas;
whole-grainmustard;
wine;
winevinegar;
wintersquash;
wontonwraps;
worcestershiresauce;
wraps;
xanthangum;
yeast;
yellowbellpepper;
yellowcakemix;
yellowonion;
yogurt;
yukongoldpotato;